,X1,X2,X3,X4,X5,X6,X7,X8,X9,X10,X11,X12,X13,X14,X15,X16,X17,X18,X19,X20,X21,X22,X23,X24,X25,ps_score,factual,counter_factual,true_ITE,predicted_ITE,diff
0,0.1436590552330017,0.9963462352752686,-0.3608979880809784,0.16170252859592438,0.2460516393184662,-1.3546335697174072,0.0,1.0,0.0,1.0,0.0,0.0,0.0,1.0,0.0,1.0,0.0,1.0,0.0,1.0,0.0,0.0,0.0,0.0,0.0,1.7684066433432122e-09,6.3073764820000005,0.8027139990000001,5.504662483000001,3.881751775741577,1.622910737991333
1,-0.5480573177337646,-1.002474069595337,0.011464990675449371,-0.8796060085296631,1.8089816570281982,0.3015223741531372,0.0,0.0,1.0,0.0,0.0,1.0,0.0,2.0,0.0,1.0,1.0,1.0,0.0,0.0,0.0,0.0,0.0,0.0,1.0,0.99826580286026,7.856637544,3.478763133,4.377874411,4.5173540115356445,-0.1394796371459961
2,0.7272947430610657,-0.20294594764709473,-0.733260989189148,-0.8796060085296631,0.8087064623832703,1.1296002864837646,0.0,0.0,1.0,0.0,0.0,0.0,0.0,2.0,1.0,1.0,1.0,1.0,0.0,0.0,0.0,0.0,0.0,0.0,0.0,0.003921898081898689,5.50167739,4.237157052,1.2645203380000005,3.6372575759887695,-2.372737407684326
3,0.013962230645120144,-0.6027100086212158,0.011464990675449371,0.16170252859592438,-2.442188024520874,0.3015223741531372,1.0,0.0,1.0,0.0,0.0,1.0,0.0,1.0,0.0,1.0,1.0,1.0,0.0,0.0,0.0,0.0,0.0,0.0,1.0,0.08913008123636246,7.954506553,1.191974244,6.762532309,4.401638031005859,2.360894203186035
4,-0.05088618025183678,0.19681812822818756,1.5009169578552246,-0.8796060085296631,-1.754498839378357,1.1296002864837646,1.0,0.0,0.0,0.0,0.0,1.0,0.0,2.0,0.0,1.0,1.0,1.0,0.0,0.0,0.0,0.0,0.0,0.0,0.0,5.198824146646075e-05,5.65091291,4.974915197,0.6759977130000001,3.2863216400146484,-2.610323905944824
5,0.9218400120735168,1.3961102962493896,0.011464990675449371,0.16170252859592438,0.058500032871961594,-0.36094000935554504,1.0,1.0,1.0,0.0,1.0,0.0,1.0,1.0,0.0,1.0,1.0,1.0,1.0,0.0,0.0,0.0,0.0,0.0,0.0,0.20318548381328583,5.467703534,1.9469242130000002,3.520779321,3.580648422241211,-0.05986905097961426
6,0.4246688485145569,0.9963462352752686,-0.733260989189148,-0.8796060085296631,0.3085688352584839,-0.029708821326494217,1.0,0.0,1.0,1.0,0.0,0.0,0.0,2.0,0.0,1.0,0.0,1.0,0.0,0.0,0.0,0.0,0.0,1.0,0.0,0.0010421635815873742,5.924359234,0.485943254,5.438415979999999,3.866854190826416,1.5715618133544922
7,0.1868913322687149,0.19681812822818756,0.011464990675449371,-0.8796060085296631,-0.1915687769651413,0.9639847278594971,0.0,0.0,1.0,0.0,0.0,0.0,0.0,2.0,0.0,1.0,0.0,1.0,0.0,0.0,1.0,0.0,0.0,0.0,0.0,0.0012893847888335586,6.029505475,0.42609908399999996,5.603406391,3.5662810802459717,2.0371253490448
8,1.3973950147628784,0.19681812822818756,-0.3608979880809784,0.16170252859592438,-1.1293268203735352,1.4608315229415894,1.0,0.0,1.0,0.0,0.0,0.0,0.0,1.0,0.0,1.0,1.0,1.0,0.0,0.0,0.0,0.0,0.0,0.0,1.0,0.0013273615622892976,6.047718437,2.3671033130000003,3.680615124,3.503715991973877,0.17689919471740723
9,1.15961754322052,0.5965821743011475,-0.3608979880809784,-0.8796060085296631,0.4961204528808594,-0.526555597782135,0.0,0.0,1.0,0.0,1.0,0.0,0.0,2.0,0.0,1.0,1.0,1.0,0.0,0.0,0.0,0.0,0.0,0.0,0.0,0.0010329039068892598,3.367979729,-0.38242682200000006,3.750406551,4.30599308013916,-0.555586576461792
10,-0.5480573177337646,0.5965821743011475,1.5009169578552246,-0.8796060085296631,-1.1918439865112305,-0.8577867746353149,1.0,0.0,1.0,1.0,0.0,0.0,1.0,2.0,1.0,1.0,0.0,1.0,0.0,0.0,0.0,0.0,0.0,1.0,0.0,0.00031773376394994557,6.417114586,1.820102696,4.59701189,3.9106411933898926,0.686370849609375
11,-0.7858348488807678,-0.20294594764709473,0.7561909556388855,-0.8796060085296631,0.12101723253726959,1.2952159643173218,0.0,0.0,1.0,0.0,0.0,0.0,0.0,2.0,1.0,1.0,1.0,1.0,0.0,0.0,1.0,0.0,0.0,0.0,0.0,0.0009660599171184003,7.89522425,3.23080297,4.66442128,2.821399688720703,1.8430213928222656
12,-1.4559351205825806,-1.402238130569458,2.245642900466919,-0.8796060085296631,-3.3174288272857666,1.1296002864837646,0.0,0.0,1.0,0.0,0.0,0.0,1.0,2.0,0.0,1.0,1.0,1.0,0.0,0.0,0.0,0.0,0.0,0.0,0.0,0.030492009595036507,5.38790122,3.517318923,1.870582297,4.431902885437012,-2.5613205432891846
13,0.8786077499389648,0.9963462352752686,-0.733260989189148,1.2030110359191895,0.3085688352584839,0.3015223741531372,0.0,0.0,0.0,0.0,1.0,0.0,0.0,1.0,0.0,1.0,1.0,1.0,0.0,0.0,1.0,0.0,0.0,0.0,0.0,0.015763195231556892,5.926609217,1.528262157,4.398347060000001,4.919634819030762,-0.5212879180908203
14,0.3598204255104065,0.5965821743011475,0.38382798433303833,-0.8796060085296631,0.4961204528808594,1.2952159643173218,0.0,0.0,1.0,0.0,0.0,0.0,0.0,2.0,0.0,1.0,1.0,1.0,1.0,0.0,0.0,0.0,0.0,0.0,0.0,0.002587132388725877,6.295170225,4.680660837,1.614509388,3.7125983238220215,-2.0980889797210693
15,0.013962230645120144,0.19681812822818756,0.38382798433303833,0.16170252859592438,-1.4419127702713013,-0.8577867746353149,1.0,0.0,0.0,0.0,1.0,0.0,0.0,1.0,0.0,1.0,0.0,1.0,0.0,0.0,0.0,0.0,0.0,0.0,1.0,0.9408700466156006,4.444956002,0.071371948,4.373584053999999,4.616670608520508,-0.2430863380432129
16,1.1812336444854736,0.9963462352752686,-0.3608979880809784,-0.8796060085296631,0.8712236881256104,-1.1890180110931396,1.0,0.0,0.0,1.0,0.0,0.0,1.0,2.0,0.0,1.0,0.0,1.0,1.0,0.0,0.0,0.0,0.0,0.0,0.0,0.186044380068779,5.484478584,0.467886529,5.016592054999999,4.207303047180176,0.8092889785766602
17,1.3973950147628784,0.9963462352752686,-1.1056239604949951,-0.8796060085296631,0.3085688352584839,-1.0234023332595825,1.0,0.0,0.0,0.0,1.0,0.0,1.0,2.0,0.0,0.0,1.0,1.0,0.0,0.0,0.0,0.0,0.0,0.0,1.0,0.0015028169145807624,4.771232342,-0.298508907,5.069741249,4.265644550323486,0.8040966987609863
18,0.2409316748380661,0.5965821743011475,1.1285539865493774,0.16170252859592438,-0.1915687769651413,0.6327535510063171,1.0,1.0,0.0,1.0,0.0,0.0,0.0,1.0,0.0,1.0,1.0,1.0,0.0,1.0,0.0,0.0,0.0,0.0,0.0,6.350994681270095e-07,7.386637914,4.296653467,3.089984447,3.337841749191284,-0.24785733222961426
19,1.3973950147628784,1.3961102962493896,-1.4779869318008423,-0.8796060085296631,-0.4416375756263733,0.7983691692352295,1.0,0.0,1.0,0.0,1.0,0.0,0.0,2.0,0.0,1.0,1.0,1.0,0.0,0.0,0.0,0.0,0.0,0.0,1.0,0.0022901238407939672,6.29186737,2.12824243,4.16362494,3.8690476417541504,0.29457712173461914
20,-0.37512823939323425,-1.802002191543579,0.38382798433303833,-0.8796060085296631,-0.004017170052975416,0.4671379625797272,0.0,0.0,1.0,0.0,0.0,1.0,0.0,2.0,0.0,1.0,1.0,1.0,0.0,0.0,0.0,0.0,0.0,0.0,1.0,0.8901053071022034,7.41470256,1.481191566,5.933510994000001,4.718783378601074,1.2147274017333984
21,-0.5480573177337646,-0.20294594764709473,-0.3608979880809784,-0.8796060085296631,0.058500032871961594,-0.8577867746353149,1.0,0.0,0.0,1.0,0.0,0.0,0.0,2.0,0.0,1.0,1.0,1.0,0.0,0.0,0.0,0.0,0.0,0.0,0.0,0.0004496689361985773,6.762640143,1.448663185,5.313976958,4.180866718292236,1.1331100463867188
22,0.8569915890693665,1.7958743572235107,0.011464990675449371,-0.8796060085296631,0.5586376786231995,0.3015223741531372,0.0,1.0,1.0,0.0,0.0,0.0,0.0,2.0,0.0,1.0,0.0,1.0,1.0,0.0,0.0,0.0,0.0,0.0,0.0,0.06848402321338654,7.834468929,2.7479859660000003,5.086482963,3.942964553833008,1.1435184478759766
23,0.7705270648002625,0.5965821743011475,0.38382798433303833,-0.8796060085296631,-1.379395604133606,0.4671379625797272,0.0,0.0,1.0,0.0,0.0,0.0,0.0,2.0,0.0,1.0,1.0,1.0,0.0,0.0,0.0,0.0,0.0,0.0,0.0,0.05228128284215927,7.747586396,2.856067559,4.891518837,3.615981101989746,1.2755379676818848
24,-0.9155316948890686,0.19681812822818756,0.7561909556388855,-0.8796060085296631,0.5586376786231995,1.1296002864837646,1.0,0.0,0.0,1.0,0.0,0.0,0.0,2.0,0.0,1.0,1.0,1.0,0.0,0.0,0.0,0.0,0.0,0.0,0.0,0.00048032469931058586,7.840511136,3.856242946,3.98426819,3.778233766555786,0.20603442192077637
25,1.0947691202163696,0.5965821743011475,0.011464990675449371,-0.8796060085296631,-0.9417752027511597,0.6327535510063171,0.0,0.0,1.0,0.0,1.0,0.0,1.0,2.0,0.0,1.0,1.0,1.0,0.0,0.0,0.0,0.0,0.0,0.0,0.0,0.07896149158477783,4.884405191,2.035831332,2.848573859,3.7525761127471924,-0.9040021896362305
26,-0.03791650012135506,0.5965821743011475,0.38382798433303833,0.16170252859592438,-3.567497730255127,-0.029708821326494217,0.0,0.0,1.0,0.0,0.0,0.0,0.0,1.0,0.0,1.0,1.0,1.0,1.0,0.0,0.0,0.0,0.0,0.0,0.0,0.028510328382253647,5.309168324,2.106966265,3.2022020589999998,4.203854560852051,-1.001652479171753
27,0.2085074633359909,-0.20294594764709473,0.38382798433303833,0.16170252859592438,0.6211548447608948,1.9576783180236816,1.0,0.0,1.0,0.0,0.0,1.0,0.0,1.0,0.0,1.0,1.0,1.0,0.0,0.0,1.0,0.0,0.0,0.0,0.0,0.08711539953947067,2.73258385,7.384313718,4.651729867999999,2.8212099075317383,1.8305201530456543
28,1.0947691202163696,1.7958743572235107,-1.1056239604949951,0.16170252859592438,0.5586376786231995,0.4671379625797272,0.0,0.0,1.0,1.0,0.0,0.0,0.0,1.0,1.0,1.0,1.0,1.0,0.0,0.0,1.0,0.0,0.0,0.0,0.0,0.014429925009608269,3.323798842,6.868503157999999,3.5447043159999994,2.889960527420044,0.6547436714172363
29,0.4246688485145569,0.5965821743011475,-0.733260989189148,1.2030110359191895,1.4338785409927368,0.4671379625797272,1.0,0.0,0.0,1.0,0.0,0.0,1.0,1.0,0.0,1.0,1.0,1.0,1.0,0.0,0.0,0.0,0.0,0.0,0.0,0.0029881116934120655,1.63805888,6.369189525,4.731130645,3.7565715312957764,0.9745590686798096
30,0.07881063967943192,-0.20294594764709473,0.7561909556388855,-0.8796060085296631,0.2460516393184662,0.13590677082538605,0.0,0.0,1.0,0.0,1.0,0.0,0.0,2.0,0.0,1.0,1.0,1.0,0.0,1.0,0.0,0.0,0.0,0.0,0.0,1.2840472663810942e-05,1.9359067840000002,6.822996926,4.887090142,3.9125185012817383,0.974571704864502
31,-1.9531062841415405,-1.802002191543579,2.245642900466919,0.16170252859592438,-0.8792579770088196,0.9639847278594971,1.0,1.0,1.0,0.0,0.0,0.0,0.0,1.0,0.0,1.0,1.0,1.0,0.0,0.0,0.0,0.0,1.0,0.0,0.0,3.9464021028834395e-06,2.4941756369999997,7.50820426,5.014028623000001,3.362973690032959,1.651054859161377
32,-0.39674437046051025,-1.402238130569458,-0.3608979880809784,0.16170252859592438,0.5586376786231995,-0.8577867746353149,1.0,0.0,0.0,1.0,0.0,0.0,0.0,1.0,0.0,1.0,1.0,1.0,0.0,0.0,0.0,0.0,0.0,1.0,0.0,1.1316683412587736e-05,2.250801081,6.209686176,3.958885095,3.8110392093658447,0.14784598350524902
33,1.1163852214813232,0.19681812822818756,-1.1056239604949951,1.2030110359191895,0.5586376786231995,1.4608315229415894,1.0,0.0,1.0,0.0,0.0,0.0,0.0,1.0,0.0,1.0,1.0,1.0,0.0,0.0,1.0,0.0,0.0,0.0,0.0,0.019092058762907982,2.213303435,7.505039162999999,5.291735727999999,3.3764724731445312,1.9152631759643555
34,-0.31027984619140625,0.5965821743011475,-0.3608979880809784,0.16170252859592438,0.3710860311985016,0.13590677082538605,0.0,0.0,0.0,1.0,0.0,0.0,0.0,1.0,0.0,1.0,1.0,1.0,0.0,0.0,0.0,0.0,0.0,1.0,0.0,6.299153199051943e-09,2.8321232060000003,5.054418698,2.2222954919999998,3.8147454261779785,-1.5924499034881592
35,-0.6993703246116638,-0.6027100086212158,-0.3608979880809784,-0.8796060085296631,0.7461892366409302,-1.5202491283416748,1.0,0.0,0.0,1.0,0.0,0.0,0.0,2.0,0.0,1.0,0.0,1.0,0.0,0.0,0.0,1.0,0.0,0.0,0.0,1.967621843235179e-09,-0.260075906,7.995685862999999,8.255761769,4.581954002380371,3.6738080978393555
36,-0.980380117893219,-0.6027100086212158,0.7561909556388855,-0.8796060085296631,1.1838096380233765,-0.36094000935554504,0.0,0.0,1.0,0.0,1.0,0.0,0.0,2.0,0.0,1.0,1.0,1.0,0.0,0.0,1.0,0.0,0.0,0.0,0.0,1.9369763570864507e-09,2.6124733669999998,5.426678373,2.814205006,4.2435622215271,-1.4293572902679443
37,0.2085074633359909,0.19681812822818756,-0.3608979880809784,-0.8796060085296631,0.9962580800056458,-1.3546335697174072,1.0,0.0,0.0,1.0,0.0,0.0,0.0,2.0,0.0,1.0,0.0,1.0,0.0,0.0,0.0,1.0,0.0,0.0,0.0,4.5935547632325324e-07,2.2203857719999998,6.164386791,3.9440010190000003,4.085920810699463,-0.14191985130310059
38,0.1868913322687149,0.5965821743011475,-0.733260989189148,2.244319438934326,1.4963957071304321,-1.1890180110931396,0.0,0.0,0.0,1.0,0.0,0.0,0.0,1.0,0.0,1.0,0.0,1.0,0.0,0.0,0.0,0.0,0.0,1.0,0.0,1.0856509469192588e-08,3.06370113,6.632418125,3.568716995,4.564619064331055,-0.9959020614624023
39,0.8353754281997681,-0.13910187780857086,0.38382798433303833,-0.8796060085296631,-4.192669868469238,-1.5202491283416748,1.0,0.0,0.0,1.0,0.0,0.0,0.0,2.0,0.0,1.0,0.0,1.0,0.0,0.0,0.0,0.0,1.0,0.0,0.0,0.00015800382243469357,2.70835092,5.388136835,2.679785915,4.995969772338867,-2.3161838054656982
40,-1.8666417598724365,-1.402238130569458,-0.3608979880809784,0.16170252859592438,0.7461892366409302,0.3015223741531372,0.0,0.0,0.0,1.0,0.0,0.0,1.0,1.0,0.0,1.0,1.0,1.0,0.0,0.0,0.0,1.0,0.0,0.0,0.0,9.83491372608114e-06,-0.247323808,5.976936652999999,6.224260460999999,4.522781848907471,1.7014784812927246
41,-0.612905740737915,-0.20294594764709473,0.7561909556388855,0.16170252859592438,-0.004017170052975416,-0.8577867746353149,0.0,0.0,1.0,0.0,1.0,0.0,0.0,1.0,0.0,1.0,1.0,1.0,1.0,0.0,0.0,0.0,0.0,0.0,0.0,0.004784438759088516,1.9339134740000001,4.705243629,2.771330155,5.06905460357666,-2.297724485397339
42,-0.11573459208011627,-0.6027100086212158,0.011464990675449371,-0.8796060085296631,0.5586376786231995,-1.5202491283416748,1.0,1.0,0.0,1.0,0.0,0.0,0.0,2.0,0.0,1.0,1.0,1.0,0.0,0.0,0.0,0.0,1.0,0.0,0.0,1.7622652226378932e-09,2.184525986,6.43413664,4.249610654,4.2442851066589355,0.0053253173828125
43,0.9326480627059937,0.5965821743011475,-1.1056239604949951,-0.8796060085296631,-0.1915687769651413,-0.6921712160110474,1.0,0.0,0.0,1.0,0.0,0.0,1.0,2.0,1.0,1.0,0.0,1.0,0.0,1.0,0.0,0.0,0.0,0.0,0.0,0.0011046986328437924,3.127704352,6.35882924,3.2311248880000005,4.054323196411133,-0.8231983184814453
44,1.4838595390319824,0.9963462352752686,-0.3608979880809784,0.16170252859592438,-1.1918439865112305,-0.19532442092895508,1.0,0.0,1.0,0.0,1.0,0.0,1.0,1.0,1.0,1.0,0.0,1.0,1.0,0.0,0.0,0.0,0.0,0.0,0.0,0.997694194316864,2.336874097,6.25688339,3.9200092929999997,3.753011703491211,0.16699767112731934
45,1.419011116027832,1.3961102962493896,-0.3608979880809784,0.16170252859592438,-0.3791203796863556,-0.6921712160110474,0.0,0.0,1.0,0.0,0.0,1.0,0.0,1.0,0.0,1.0,1.0,1.0,0.0,0.0,0.0,1.0,0.0,0.0,0.0,0.573264479637146,3.7457373510000003,6.017198197999999,2.271460846999999,4.078908920288086,-1.807448148727417
46,-2.1908838748931885,-2.2017662525177,1.8732799291610718,-0.8796060085296631,0.5586376786231995,-1.0234023332595825,1.0,0.0,0.0,0.0,0.0,1.0,0.0,2.0,0.0,1.0,0.0,1.0,0.0,0.0,0.0,0.0,0.0,0.0,0.0,0.00018082850147038698,1.180110568,6.669894555,5.489783987,4.628216743469238,0.8615670204162598
47,-2.298964500427246,-0.6636423468589783,2.245642900466919,-0.8796060085296631,-0.1915687769651413,0.9639847278594971,0.0,0.0,1.0,0.0,0.0,0.0,1.0,2.0,0.0,1.0,1.0,1.0,0.0,0.0,1.0,0.0,0.0,0.0,0.0,0.016513178125023842,1.267666902,5.184312515,3.916645613,4.232121467590332,-0.3154759407043457
48,1.3973950147628784,1.3961102962493896,-1.4779869318008423,0.16170252859592438,0.058500032871961594,0.9639847278594971,1.0,0.0,1.0,0.0,0.0,0.0,0.0,1.0,0.0,1.0,1.0,1.0,0.0,1.0,0.0,0.0,0.0,0.0,0.0,0.2186640202999115,3.020229018,5.57194112,2.5517121019999998,3.8379569053649902,-1.2862448692321777
49,-1.2613898515701294,-0.20294594764709473,2.245642900466919,-0.8796060085296631,-0.2540859878063202,0.6327535510063171,0.0,0.0,1.0,0.0,0.0,1.0,0.0,2.0,0.0,1.0,1.0,1.0,0.0,0.0,0.0,0.0,0.0,0.0,1.0,0.00047216415987350047,3.793115732,5.483278597999999,1.6901628659999992,4.330990314483643,-2.6408274173736572
50,-0.28866368532180786,0.19681812822818756,-0.733260989189148,-0.8796060085296631,2.0590505599975586,-0.8577867746353149,1.0,0.0,0.0,1.0,0.0,0.0,1.0,2.0,1.0,1.0,1.0,1.0,0.0,0.0,0.0,0.0,0.0,0.0,1.0,0.1501965969800949,2.0556096719999997,6.797227177999999,4.741617505999999,4.309084892272949,0.43253278732299805
51,-0.6777541637420654,-0.20294594764709473,-0.733260989189148,0.16170252859592438,-1.754498839378357,1.2952159643173218,1.0,1.0,1.0,0.0,0.0,0.0,0.0,1.0,0.0,1.0,1.0,1.0,0.0,0.0,1.0,0.0,0.0,0.0,0.0,0.036070868372917175,3.569252987,7.426776117999999,3.8575231309999993,3.3419175148010254,0.5156056880950928
52,-0.21084560453891754,-0.6027100086212158,0.7561909556388855,1.2030110359191895,0.6211548447608948,-0.526555597782135,1.0,0.0,0.0,0.0,1.0,0.0,1.0,1.0,0.0,1.0,1.0,1.0,0.0,0.0,1.0,0.0,0.0,0.0,0.0,0.16939881443977356,0.44918031,7.405340801,6.956160491,3.896178960800171,3.05998158454895
53,-0.22381527721881866,-0.6027100086212158,-0.733260989189148,0.16170252859592438,0.3710860311985016,-1.0234023332595825,0.0,0.0,0.0,1.0,0.0,0.0,0.0,1.0,1.0,1.0,0.0,1.0,0.0,0.0,0.0,0.0,1.0,0.0,0.0,4.974120656697778e-06,0.9060732709999999,6.340128462999999,5.434055191999999,4.2840576171875,1.1499977111816406
54,0.8786077499389648,0.19681812822818756,-1.1056239604949951,2.244319438934326,0.4336032569408417,-0.19532442092895508,0.0,0.0,1.0,0.0,1.0,0.0,0.0,1.0,0.0,1.0,0.0,1.0,0.0,0.0,0.0,1.0,0.0,0.0,0.0,0.6758772134780884,-0.044151152,6.4700152,6.514166352,3.8441693782806396,2.669996976852417
55,-0.007653906941413879,-0.6027100086212158,-0.3608979880809784,0.16170252859592438,0.4336032569408417,-1.5202491283416748,1.0,0.0,1.0,1.0,0.0,0.0,0.0,1.0,0.0,1.0,0.0,1.0,0.0,0.0,0.0,0.0,0.0,1.0,0.0,0.0006589730619452894,1.797997184,5.957573887000001,4.159576703000001,3.751138210296631,0.40843868255615234
56,0.9002238512039185,1.3961102962493896,-0.3608979880809784,2.244319438934326,-2.0045676231384277,0.6327535510063171,0.0,0.0,0.0,0.0,1.0,0.0,1.0,1.0,0.0,1.0,0.0,1.0,1.0,0.0,0.0,0.0,0.0,0.0,0.0,0.9647768139839172,3.5264717460000004,8.478666492,4.952194746,3.939110279083252,1.0130844116210938
57,-1.8666417598724365,-1.402238130569458,0.011464990675449371,-0.8796060085296631,2.30911922454834,-0.8577867746353149,1.0,0.0,1.0,1.0,0.0,0.0,1.0,2.0,0.0,1.0,1.0,1.0,0.0,0.0,0.0,0.0,0.0,0.0,1.0,1.0226415724901017e-05,0.858432138,6.363141217000001,5.504709079000001,4.696080684661865,0.8086285591125488
58,-0.43997666239738464,0.19681812822818756,0.011464990675449371,-0.8796060085296631,1.4963957071304321,0.13590677082538605,0.0,0.0,1.0,0.0,0.0,1.0,0.0,2.0,0.0,1.0,0.0,1.0,0.0,0.0,1.0,0.0,0.0,0.0,0.0,0.5469591617584229,1.090969716,7.098473147999999,6.007503431999999,4.02904748916626,1.9784560203552246
59,-1.9963386058807373,-2.2017662525177,0.38382798433303833,0.16170252859592438,-1.2543612718582153,-0.36094000935554504,1.0,0.0,0.0,1.0,0.0,0.0,1.0,1.0,0.0,1.0,0.0,1.0,0.0,0.0,0.0,1.0,0.0,0.0,0.0,0.0008409121655859053,3.492436969,7.088852322999999,3.5964153539999995,4.902497291564941,-1.306082010269165
60,1.0947691202163696,0.5965821743011475,-0.3608979880809784,-0.8796060085296631,0.4961204528808594,-1.685864806175232,0.0,0.0,0.0,1.0,0.0,0.0,0.0,2.0,0.0,1.0,0.0,0.0,0.0,0.0,0.0,0.0,1.0,0.0,0.0,2.890085306717083e-05,0.328837642,5.630095737,5.301258095000001,4.669490337371826,0.631767749786377
61,-2.0179545879364014,-1.802002191543579,1.8732799291610718,1.2030110359191895,-0.004017170052975416,-1.1890180110931396,1.0,1.0,0.0,0.0,1.0,0.0,1.0,1.0,0.0,1.0,0.0,1.0,1.0,0.0,0.0,0.0,0.0,0.0,0.0,1.5873794836807065e-05,1.052633262,6.77717239,5.724539128,4.388976097106934,1.3355631828308105
62,0.3382042944431305,0.19681812822818756,-0.733260989189148,0.16170252859592438,0.7461892366409302,-1.0234023332595825,1.0,1.0,1.0,0.0,1.0,0.0,1.0,1.0,0.0,1.0,1.0,1.0,0.0,0.0,0.0,0.0,0.0,1.0,0.0,0.00040855302358977497,0.930412892,5.627523687999999,4.697110796,3.6846256256103516,1.0124850273132324
63,-0.8290671110153198,-1.402238130569458,1.1285539865493774,0.16170252859592438,-0.1915687769651413,0.3015223741531372,0.0,0.0,1.0,0.0,1.0,0.0,1.0,1.0,0.0,1.0,1.0,1.0,0.0,0.0,0.0,0.0,0.0,0.0,1.0,0.5252462029457092,2.95051554,8.353507404,5.4029918640000005,4.445939540863037,0.9570522308349609
64,-1.5856319665908813,-1.402238130569458,1.1285539865493774,-0.8796060085296631,-0.8792579770088196,-1.0234023332595825,1.0,0.0,0.0,1.0,0.0,0.0,1.0,2.0,1.0,1.0,1.0,1.0,1.0,0.0,0.0,0.0,0.0,0.0,0.0,0.0005554980016313493,0.9520024220000001,6.946099812000001,5.99409739,3.9664359092712402,2.0276613235473633
65,-0.9587639570236206,-0.20294594764709473,0.011464990675449371,1.2030110359191895,1.1212924718856812,0.13590677082538605,1.0,0.0,1.0,1.0,0.0,0.0,1.0,1.0,1.0,1.0,1.0,0.0,1.0,0.0,0.0,0.0,0.0,0.0,0.0,0.000346630928106606,3.0491306000000002,6.85633198,3.80720138,2.998663902282715,0.808537483215332
66,0.7272947430610657,0.5965821743011475,-0.733260989189148,0.16170252859592438,0.4961204528808594,1.4608315229415894,1.0,1.0,1.0,0.0,0.0,1.0,0.0,1.0,0.0,1.0,1.0,1.0,0.0,0.0,0.0,0.0,1.0,0.0,0.0,2.014138772210572e-05,4.0241907260000005,8.311601708,4.287410981999999,1.4715361595153809,2.8158750534057617
67,-1.2181576490402222,-0.6027100086212158,-0.3608979880809784,1.2030110359191895,-1.9420504570007324,-0.029708821326494217,0.0,0.0,1.0,0.0,0.0,1.0,0.0,1.0,0.0,1.0,0.0,1.0,0.0,0.0,0.0,1.0,0.0,0.0,0.0,2.979262535518501e-05,3.271907407,7.828267342,4.556359935,4.40984582901001,0.1465139389038086
68,0.022608686238527298,0.19681812822818756,0.011464990675449371,0.16170252859592438,-0.0665343701839447,1.626447081565857,0.0,0.0,0.0,0.0,0.0,1.0,1.0,1.0,0.0,1.0,1.0,1.0,1.0,0.0,0.0,0.0,0.0,0.0,0.0,0.4666569232940674,3.982110605,8.392771534,4.410660929,2.303562641143799,2.10709810256958
69,1.246082067489624,0.19681812822818756,-0.733260989189148,0.16170252859592438,0.3085688352584839,1.1296002864837646,1.0,0.0,0.0,0.0,1.0,0.0,0.0,1.0,0.0,1.0,0.0,1.0,0.0,0.0,0.0,0.0,0.0,0.0,0.0,0.02538944035768509,2.475986759,8.168669466,5.692682707000001,3.4560742378234863,2.2366085052490234
70,0.2733558714389801,0.5965821743011475,-0.3608979880809784,-0.8796060085296631,0.2460516393184662,-1.0234023332595825,1.0,0.0,0.0,1.0,0.0,0.0,1.0,2.0,1.0,1.0,0.0,0.0,0.0,0.0,0.0,0.0,0.0,1.0,0.0,0.0004546655109152198,0.371460478,7.7745259970000005,7.403065519,4.253663063049316,3.149402618408203
71,1.1163852214813232,0.5965821743011475,-1.1056239604949951,-0.8796060085296631,0.1835344433784485,-1.1890180110931396,1.0,0.0,0.0,1.0,0.0,0.0,0.0,2.0,1.0,1.0,1.0,1.0,0.0,0.0,0.0,1.0,0.0,0.0,0.0,0.045081693679094315,1.369453144,7.572931114,6.20347797,3.906653881072998,2.2968239784240723
72,0.8137593269348145,0.5965821743011475,-0.733260989189148,0.16170252859592438,-0.7542235851287842,0.13590677082538605,1.0,0.0,0.0,0.0,0.0,1.0,1.0,1.0,0.0,1.0,1.0,1.0,0.0,0.0,0.0,0.0,1.0,0.0,0.0,0.0006508394726552069,1.2055009490000002,7.42454888,6.2190479309999995,3.904576539993286,2.314471483230591
73,-0.9155316948890686,-1.002474069595337,1.1285539865493774,-0.8796060085296631,-1.1918439865112305,-0.36094000935554504,0.0,0.0,0.0,0.0,0.0,1.0,0.0,2.0,0.0,1.0,1.0,1.0,0.0,1.0,0.0,0.0,0.0,0.0,0.0,0.0003258245124015957,1.8204933269999999,6.662912559,4.842419231999999,3.9643702507019043,0.8780488967895508
74,1.2676981687545776,1.7958743572235107,-0.3608979880809784,0.16170252859592438,-0.2540859878063202,1.4608315229415894,0.0,0.0,1.0,0.0,0.0,0.0,0.0,1.0,1.0,1.0,1.0,1.0,0.0,0.0,1.0,0.0,0.0,0.0,0.0,0.014853772707283497,6.7934360279999995,6.568814897,-0.22462113099999925,1.8598589897155762,-2.084480047225952
75,-0.029270043596625328,-0.6027100086212158,0.011464990675449371,0.16170252859592438,0.1835344433784485,-0.19532442092895508,1.0,0.0,0.0,1.0,0.0,0.0,1.0,1.0,0.0,1.0,0.0,1.0,0.0,1.0,0.0,0.0,0.0,0.0,0.0,0.0005820534424856305,2.340849795,6.908482676,4.567632881,3.8097963333129883,0.7578363418579102
76,1.1877185106277466,0.5965821743011475,-0.3608979880809784,0.16170252859592438,-0.004017170052975416,0.4671379625797272,0.0,0.0,0.0,0.0,0.0,1.0,1.0,1.0,0.0,1.0,1.0,1.0,1.0,0.0,0.0,0.0,0.0,0.0,0.0,0.0018000962445512414,3.608094297,5.855700243999999,2.2476059469999994,3.5980706214904785,-1.3504645824432373
77,-1.0668447017669678,-1.402238130569458,1.1285539865493774,2.244319438934326,0.3710860311985016,2.288909435272217,0.0,0.0,1.0,0.0,1.0,0.0,1.0,1.0,0.0,1.0,0.0,1.0,0.0,1.0,0.0,0.0,0.0,0.0,0.0,0.00038157953531481326,6.253174542999999,8.393337867,2.1401633240000004,0.5638091564178467,1.5763542652130127
78,0.6624463796615601,0.5965821743011475,-0.3608979880809784,0.16170252859592438,0.5586376786231995,0.6327535510063171,0.0,1.0,1.0,0.0,0.0,0.0,0.0,1.0,0.0,1.0,0.0,1.0,0.0,0.0,0.0,0.0,0.0,0.0,0.0,0.8431532979011536,2.9029209160000002,4.95227283,2.049351914,3.6976232528686523,-1.6482713222503662
79,-0.27785563468933105,0.5965821743011475,0.38382798433303833,-0.8796060085296631,-0.1290515810251236,0.3015223741531372,0.0,0.0,1.0,0.0,1.0,0.0,0.0,2.0,1.0,1.0,1.0,1.0,0.0,0.0,1.0,0.0,0.0,0.0,0.0,0.0069337571039795876,2.423222618,7.49370975,5.070487132,3.1815829277038574,1.888904094696045
80,0.7489109039306641,0.5965821743011475,-0.3608979880809784,-0.8796060085296631,-1.1918439865112305,1.1296002864837646,1.0,0.0,1.0,0.0,0.0,1.0,0.0,2.0,1.0,1.0,1.0,1.0,0.0,0.0,1.0,0.0,0.0,0.0,0.0,0.8801414370536804,5.027350273,8.408983848,3.3816335750000004,3.314591884613037,0.06704163551330566
81,-0.8722994327545166,-0.6027100086212158,0.7561909556388855,0.16170252859592438,0.4961204528808594,-1.1890180110931396,1.0,0.0,0.0,1.0,0.0,0.0,0.0,1.0,0.0,1.0,0.0,1.0,1.0,0.0,0.0,0.0,0.0,0.0,0.0,1.468372488488967e-06,2.910562961,5.812503198,2.901940237,3.9242758750915527,-1.0223355293273926
82,1.1380014419555664,0.19681812822818756,0.011464990675449371,-0.8796060085296631,-0.6917064189910889,-1.5202491283416748,1.0,0.0,0.0,1.0,0.0,0.0,0.0,2.0,0.0,1.0,0.0,1.0,0.0,0.0,0.0,0.0,1.0,0.0,0.0,0.0012917140265926719,0.08959562,4.2696625489999995,4.180066929,4.605190277099609,-0.4251232147216797
83,0.7705270648002625,0.9963462352752686,-1.1056239604949951,1.2030110359191895,0.4336032569408417,-0.19532442092895508,0.0,0.0,0.0,0.0,1.0,0.0,1.0,1.0,0.0,1.0,0.0,1.0,0.0,0.0,0.0,0.0,1.0,0.0,0.0,1.2386509595785355e-09,1.117741588,6.789240969,5.671499381,5.21543025970459,0.4560689926147461
84,1.15961754322052,0.9963462352752686,-1.4779869318008423,0.16170252859592438,0.12101723253726959,-0.526555597782135,1.0,0.0,0.0,0.0,1.0,0.0,0.0,1.0,0.0,1.0,0.0,1.0,0.0,0.0,0.0,0.0,0.0,1.0,0.0,0.000853909004945308,1.8883570980000002,6.372947179,4.4845900809999995,3.375047206878662,1.1095428466796875
85,-0.28866368532180786,-0.20294594764709473,-1.4779869318008423,-0.8796060085296631,1.6214300394058228,0.4671379625797272,1.0,0.0,1.0,0.0,0.0,0.0,0.0,2.0,0.0,1.0,1.0,1.0,0.0,0.0,0.0,0.0,0.0,0.0,0.0,0.9973456263542175,3.076367752,7.554212395,4.477844643000001,4.7891740798950195,-0.31132936477661133
86,0.4679011106491089,0.9963462352752686,0.7561909556388855,-0.8796060085296631,-0.5041548013687134,0.7983691692352295,0.0,0.0,1.0,0.0,0.0,0.0,0.0,2.0,0.0,1.0,0.0,1.0,0.0,0.0,1.0,0.0,0.0,0.0,0.0,0.001102781854569912,2.723845667,5.615235325,2.8913896580000005,3.4027416706085205,-0.5113520622253418
87,-1.8234094381332397,-2.2017662525177,0.7561909556388855,1.2030110359191895,-1.0668096542358398,1.1296002864837646,1.0,0.0,0.0,0.0,1.0,0.0,1.0,1.0,0.0,1.0,0.0,1.0,0.0,0.0,0.0,1.0,0.0,0.0,0.0,0.11203859001398087,3.949552277,6.1969293389999995,2.2473770619999995,4.008269309997559,-1.7608921527862549
88,0.5111333727836609,-0.20294594764709473,-0.733260989189148,-0.8796060085296631,1.0587753057479858,1.2952159643173218,0.0,0.0,1.0,0.0,0.0,0.0,0.0,2.0,0.0,1.0,1.0,1.0,0.0,0.0,0.0,0.0,0.0,0.0,1.0,0.9690524339675903,2.184635919,8.161383288,5.976747369,4.118494987487793,1.8582525253295898
89,1.0083045959472656,0.5965821743011475,-0.3608979880809784,0.16170252859592438,1.1212924718856812,-0.19532442092895508,1.0,0.0,1.0,1.0,0.0,0.0,1.0,1.0,0.0,1.0,1.0,1.0,1.0,0.0,0.0,0.0,0.0,0.0,0.0,0.02934386394917965,0.880649612,6.094435462000001,5.213785850000001,3.9302818775177,1.283503770828247
90,-0.35351210832595825,0.19681812822818756,0.7561909556388855,-0.8796060085296631,-0.004017170052975416,-1.3546335697174072,0.0,0.0,0.0,1.0,0.0,0.0,0.0,2.0,0.0,1.0,0.0,1.0,0.0,0.0,0.0,0.0,0.0,0.0,0.0,0.007531869690865278,0.753737944,5.876450835,5.122712891,4.197293281555176,0.925419807434082
91,-0.05088618025183678,-0.6027100086212158,-0.3608979880809784,-0.8796060085296631,0.2460516393184662,-0.19532442092895508,1.0,0.0,1.0,0.0,0.0,1.0,0.0,2.0,0.0,1.0,1.0,1.0,0.0,0.0,0.0,0.0,1.0,0.0,0.0,1.1431252389115798e-08,1.990296466,5.242370621,3.252074155,5.138259410858154,-1.8861851692199707
92,1.0299206972122192,-0.20294594764709473,-0.3608979880809784,-0.8796060085296631,-1.5669472217559814,-0.8577867746353149,0.0,0.0,0.0,1.0,0.0,0.0,1.0,2.0,0.0,1.0,0.0,1.0,0.0,0.0,0.0,1.0,0.0,0.0,0.0,0.004393697716295719,1.34627528,6.927687604,5.581412324,5.253688812255859,0.32772350311279297
93,0.8569915890693665,0.9963462352752686,0.011464990675449371,2.244319438934326,0.6836720705032349,-0.36094000935554504,1.0,0.0,0.0,1.0,0.0,0.0,0.0,1.0,0.0,1.0,0.0,1.0,0.0,0.0,0.0,1.0,0.0,0.0,0.0,0.052648670971393585,1.5198941769999998,6.630130631,5.110236454000001,4.261346340179443,0.8488903045654297
94,0.3165881633758545,0.19681812822818756,-0.3608979880809784,0.16170252859592438,-0.1290515810251236,2.288909435272217,0.0,0.0,0.0,0.0,0.0,1.0,0.0,1.0,0.0,1.0,1.0,1.0,0.0,1.0,0.0,0.0,0.0,0.0,0.0,0.0037416412960737944,7.068151466000001,8.500508552000001,1.4323570860000006,2.6433608531951904,-1.2110037803649902
95,0.8137593269348145,0.9963462352752686,-1.1056239604949951,0.16170252859592438,0.9337408542633057,2.288909435272217,0.0,0.0,1.0,0.0,0.0,0.0,0.0,1.0,1.0,1.0,1.0,1.0,0.0,0.0,0.0,0.0,0.0,0.0,0.0,0.9218530058860779,7.155599037999999,7.875369697000001,0.7197706590000017,1.2738525867462158,-0.554081916809082
96,0.9434561729431152,0.9963462352752686,-1.4779869318008423,1.2030110359191895,0.9962580800056458,0.4671379625797272,1.0,0.0,0.0,0.0,1.0,0.0,1.0,1.0,1.0,0.0,1.0,1.0,0.0,0.0,0.0,0.0,0.0,0.0,1.0,0.0005125114694237709,2.7292085489999995,9.494496691,6.765288142000001,2.990877151489258,3.774411201477051
97,0.1652752012014389,0.19681812822818756,0.011464990675449371,2.244319438934326,0.4336032569408417,-0.6921712160110474,1.0,0.0,0.0,0.0,1.0,0.0,0.0,1.0,0.0,1.0,0.0,1.0,0.0,0.0,0.0,1.0,0.0,0.0,0.0,1.9616292775026523e-05,1.930986954,5.646035138999999,3.7150481849999997,4.0413713455200195,-0.3263232707977295
98,0.5543656945228577,0.19681812822818756,-0.3608979880809784,-0.8796060085296631,-0.6917064189910889,-1.0234023332595825,1.0,0.0,0.0,1.0,0.0,0.0,0.0,2.0,0.0,1.0,0.0,1.0,0.0,0.0,0.0,0.0,0.0,1.0,0.0,0.09058751910924911,1.3126241029999999,4.453708253,3.14108415,3.6909592151641846,-0.549875020980835
99,-0.8722994327545166,-0.6027100086212158,0.38382798433303833,2.244319438934326,0.6211548447608948,1.4608315229415894,0.0,0.0,1.0,0.0,1.0,0.0,0.0,1.0,0.0,1.0,1.0,1.0,1.0,0.0,0.0,0.0,0.0,0.0,0.0,1.4727676216352847e-06,4.596619876,7.570358564,2.973738688,3.2927911281585693,-0.31905245780944824
100,0.2517397403717041,0.5965821743011475,-0.733260989189148,-0.8796060085296631,1.871498942375183,-0.36094000935554504,1.0,0.0,1.0,0.0,1.0,0.0,1.0,2.0,1.0,1.0,1.0,1.0,0.0,0.0,1.0,0.0,0.0,0.0,0.0,0.13817036151885986,2.648259748,6.830791014,4.182531266,4.203320026397705,-0.02078866958618164
101,-0.007653906941413879,-0.20294594764709473,-0.3608979880809784,0.16170252859592438,-0.3166031837463379,1.792062759399414,0.0,0.0,1.0,0.0,0.0,1.0,1.0,1.0,0.0,1.0,0.0,1.0,0.0,0.0,0.0,0.0,0.0,0.0,0.0,0.3125694692134857,4.091946288,6.06197592,1.9700296320000001,2.7818892002105713,-0.8118596076965332
102,-0.7642187476158142,-0.6027100086212158,1.1285539865493774,0.16170252859592438,0.6211548447608948,-1.1890180110931396,0.0,1.0,0.0,1.0,0.0,0.0,0.0,1.0,0.0,1.0,0.0,1.0,0.0,1.0,0.0,0.0,0.0,0.0,0.0,5.511431755422791e-09,2.39976029,6.549479965,4.149719675,4.011858940124512,0.13786077499389648
103,-1.9531062841415405,-2.2017662525177,1.8732799291610718,0.16170252859592438,1.1212924718856812,-0.36094000935554504,0.0,0.0,0.0,0.0,1.0,0.0,1.0,1.0,0.0,1.0,0.0,1.0,0.0,0.0,1.0,0.0,0.0,0.0,0.0,8.43493762658909e-05,1.838631031,7.465424948,5.626793917,4.441604137420654,1.1851897239685059
104,0.7921431660652161,1.3961102962493896,-0.3608979880809784,-0.8796060085296631,-0.0665343701839447,-1.0234023332595825,0.0,0.0,0.0,0.0,1.0,0.0,1.0,2.0,0.0,1.0,1.0,1.0,0.0,0.0,0.0,0.0,0.0,0.0,0.0,0.006222005933523178,2.23295175,6.001701337,3.7687495870000003,3.9580836296081543,-0.18933415412902832
105,-0.15896686911582947,-0.6027100086212158,-0.3608979880809784,-0.8796060085296631,1.4338785409927368,-0.8577867746353149,1.0,0.0,0.0,1.0,0.0,0.0,1.0,2.0,0.0,1.0,0.0,1.0,1.0,0.0,0.0,0.0,0.0,0.0,0.0,0.00025782937882468104,1.593343942,5.24303327,3.649689328,4.619648456573486,-0.969959020614624
106,-0.20219914615154266,1.3961102962493896,-0.733260989189148,-0.8796060085296631,1.1212924718856812,-1.0234023332595825,1.0,0.0,1.0,1.0,0.0,0.0,1.0,2.0,0.0,1.0,0.0,1.0,0.0,0.0,1.0,0.0,0.0,0.0,0.0,0.001515873009338975,1.411111218,7.505548543,6.0944373249999995,4.407113075256348,1.687324047088623
107,-0.8074510097503662,-0.20294594764709473,-0.3608979880809784,-0.8796060085296631,0.8087064623832703,-0.526555597782135,0.0,0.0,0.0,1.0,0.0,0.0,0.0,2.0,0.0,1.0,0.0,1.0,1.0,0.0,0.0,0.0,0.0,0.0,0.0,0.01309854257851839,2.996272705,6.633952219,3.6376795140000002,4.346871376037598,-0.7091917991638184
108,-1.434319019317627,-1.802002191543579,1.1285539865493774,0.16170252859592438,-1.3168784379959106,-0.029708821326494217,0.0,0.0,0.0,1.0,0.0,0.0,1.0,1.0,0.0,1.0,1.0,1.0,0.0,1.0,0.0,0.0,0.0,0.0,0.0,1.3001868865103461e-05,2.269522862,6.0299167670000005,3.7603939050000004,4.018698215484619,-0.2583043575286865
109,0.8786077499389648,0.5965821743011475,-0.3608979880809784,0.16170252859592438,-0.8792579770088196,1.2952159643173218,1.0,0.0,1.0,0.0,1.0,0.0,0.0,1.0,0.0,1.0,1.0,1.0,1.0,0.0,0.0,0.0,0.0,0.0,0.0,0.9890101552009583,3.044713181,6.048466754,3.0037535729999996,3.464226484298706,-0.46047282218933105
110,1.3541628122329712,0.5965821743011475,-1.1056239604949951,-0.8796060085296631,0.3710860311985016,-1.0234023332595825,1.0,0.0,1.0,0.0,1.0,0.0,0.0,2.0,0.0,1.0,0.0,1.0,0.0,0.0,0.0,0.0,0.0,0.0,1.0,0.002539095701649785,0.144451695,5.608276458,5.463824763,4.890085220336914,0.5737395286560059
111,1.4622434377670288,0.9963462352752686,-0.3608979880809784,-0.8796060085296631,0.2460516393184662,-0.36094000935554504,1.0,0.0,1.0,0.0,0.0,1.0,1.0,2.0,0.0,1.0,1.0,1.0,0.0,0.0,0.0,0.0,0.0,0.0,0.0,0.002349098911508918,1.9101241919999998,7.841319588999999,5.931195397,4.322127342224121,1.6090679168701172
112,-1.2830060720443726,-1.402238130569458,1.1285539865493774,0.16170252859592438,0.3085688352584839,-1.1890180110931396,1.0,0.0,1.0,0.0,1.0,0.0,0.0,1.0,0.0,1.0,0.0,1.0,0.0,0.0,0.0,0.0,0.0,1.0,0.0,0.15336644649505615,0.287976045,6.029107108,5.741131063,4.000524520874023,1.7406063079833984
113,-0.22381527721881866,0.19681812822818756,-1.4779869318008423,-0.8796060085296631,0.4961204528808594,0.4671379625797272,1.0,0.0,1.0,0.0,0.0,1.0,1.0,2.0,0.0,1.0,1.0,1.0,0.0,0.0,1.0,0.0,0.0,0.0,0.0,0.0669456496834755,2.41933008,5.8563439939999995,3.4370139139999996,4.525480270385742,-1.0884664058685303
114,-0.22381527721881866,-0.20294594764709473,0.38382798433303833,-0.8796060085296631,-0.8167408108711243,-1.0234023332595825,1.0,0.0,0.0,1.0,0.0,0.0,1.0,2.0,0.0,1.0,0.0,1.0,0.0,1.0,0.0,0.0,0.0,0.0,0.0,0.0003498887817841023,2.094914917,6.551034689,4.456119771999999,4.056096076965332,0.4000234603881836
115,1.15961754322052,-0.20294594764709473,-0.733260989189148,-0.8796060085296631,0.8087064623832703,-0.36094000935554504,0.0,0.0,0.0,0.0,1.0,0.0,1.0,2.0,0.0,1.0,1.0,1.0,0.0,0.0,0.0,0.0,0.0,0.0,0.0,0.001082878210581839,0.303088418,4.736109516,4.433021098,4.4020233154296875,0.030997753143310547
116,0.6840624809265137,0.5965821743011475,-1.4779869318008423,-0.8796060085296631,0.6211548447608948,-1.1890180110931396,1.0,0.0,0.0,1.0,0.0,0.0,0.0,2.0,0.0,1.0,1.0,1.0,0.0,0.0,0.0,0.0,0.0,0.0,1.0,0.0018433742225170135,2.2234278180000002,4.160612867,1.937185049,4.195237159729004,-2.258052110671997
117,-0.5048250555992126,-0.3782636523246765,-0.3608979880809784,1.2030110359191895,0.3710860311985016,-0.029708821326494217,1.0,0.0,0.0,0.0,1.0,0.0,0.0,1.0,0.0,1.0,0.0,1.0,0.0,0.0,0.0,0.0,1.0,0.0,0.0,1.2491224197219708e-06,1.9029063609999999,6.265911489,4.363005127999999,4.295007705688477,0.06799745559692383
118,1.4406273365020752,0.5965821743011475,-1.4779869318008423,1.2030110359191895,-0.8167408108711243,0.4671379625797272,1.0,0.0,1.0,1.0,0.0,0.0,0.0,1.0,0.0,1.0,0.0,1.0,0.0,0.0,0.0,0.0,0.0,0.0,1.0,0.001092728110961616,2.732224865,8.252929907999999,5.520705042999999,4.528975486755371,0.991729736328125
119,0.013962230645120144,0.19681812822818756,1.1285539865493774,-0.8796060085296631,-0.2540859878063202,1.792062759399414,0.0,0.0,1.0,0.0,0.0,1.0,0.0,2.0,0.0,1.0,0.0,1.0,0.0,0.0,1.0,0.0,0.0,0.0,0.0,0.002505618380382657,2.8179543380000003,7.449449467999999,4.631495129999999,3.2102744579315186,1.4212205410003662
120,0.2085074633359909,-0.20294594764709473,1.1285539865493774,1.2030110359191895,0.2460516393184662,-0.526555597782135,1.0,0.0,0.0,0.0,1.0,0.0,0.0,1.0,0.0,1.0,0.0,1.0,0.0,0.0,0.0,0.0,1.0,0.0,0.0,4.5962410695210565e-06,2.811190245,6.294478027,3.483287782,4.9639787673950195,-1.4806909561157227
121,-1.9963386058807373,-1.802002191543579,1.8732799291610718,-0.8796060085296631,-0.004017170052975416,-1.685864806175232,1.0,0.0,0.0,1.0,0.0,0.0,1.0,2.0,0.0,0.0,0.0,1.0,0.0,0.0,0.0,1.0,0.0,0.0,0.0,6.084147025831044e-05,1.191659662,5.798754379,4.607094717,4.895728588104248,-0.2886338233947754
122,-0.15896686911582947,-0.20294594764709473,0.7561909556388855,1.2030110359191895,-0.5666719675064087,-0.19532442092895508,0.0,0.0,0.0,0.0,0.0,1.0,0.0,1.0,0.0,1.0,1.0,1.0,1.0,0.0,0.0,0.0,0.0,0.0,0.0,0.000557240447960794,0.695405609,5.693242239,4.99783663,3.597104787826538,1.4007318019866943
123,-0.9371477961540222,-0.6027100086212158,1.1285539865493774,0.16170252859592438,-1.2543612718582153,1.1296002864837646,0.0,0.0,1.0,0.0,0.0,1.0,0.0,1.0,0.0,1.0,0.0,1.0,0.0,0.0,1.0,0.0,0.0,0.0,0.0,2.1140392618690385e-06,2.897255975,6.983577757999999,4.086321782999999,3.6101796627044678,0.47614216804504395
124,-0.15896686911582947,-0.20294594764709473,-1.1056239604949951,0.16170252859592438,0.8712236881256104,-0.8577867746353149,1.0,1.0,0.0,1.0,0.0,0.0,0.0,1.0,0.0,1.0,1.0,1.0,0.0,0.0,0.0,0.0,0.0,1.0,0.0,5.028921350458404e-07,1.750591466,6.654876855,4.904285389,3.5874381065368652,1.316847324371338
125,0.5327495336532593,0.5965821743011475,-1.1056239604949951,-0.8796060085296631,1.0587753057479858,-0.36094000935554504,0.0,0.0,1.0,0.0,0.0,1.0,0.0,2.0,0.0,1.0,1.0,1.0,0.0,0.0,1.0,0.0,0.0,0.0,0.0,0.007096173241734505,1.0425621790000001,6.280905167,5.238342988,4.190306663513184,1.0480360984802246
126,0.2517397403717041,0.19681812822818756,0.011464990675449371,-0.8796060085296631,1.0587753057479858,-1.3546335697174072,0.0,0.0,0.0,1.0,0.0,0.0,0.0,2.0,0.0,1.0,1.0,1.0,0.0,0.0,0.0,1.0,0.0,0.0,0.0,0.11704880744218826,1.449471046,6.622710741000001,5.173239695,4.0503692626953125,1.1228704452514648
127,-0.07250232249498367,0.5965821743011475,-0.733260989189148,2.244319438934326,1.8089816570281982,0.6327535510063171,1.0,0.0,0.0,0.0,1.0,0.0,1.0,1.0,0.0,1.0,0.0,1.0,1.0,0.0,0.0,0.0,0.0,0.0,0.0,0.002209906466305256,4.3672106610000005,7.920735189,3.5535245279999996,3.197467803955078,0.35605669021606445
128,0.5975979566574097,0.9963462352752686,-0.3608979880809784,0.16170252859592438,-0.7542235851287842,-1.0234023332595825,0.0,0.0,0.0,0.0,1.0,0.0,0.0,1.0,0.0,1.0,0.0,1.0,0.0,0.0,0.0,1.0,0.0,0.0,0.0,0.0015858715632930398,1.489083825,3.67929185,2.1902080249999996,4.510092258453369,-2.3198843002319336
129,-0.20219914615154266,0.5965821743011475,-1.1056239604949951,-0.8796060085296631,-0.9417752027511597,-1.3546335697174072,1.0,0.0,0.0,1.0,0.0,0.0,0.0,2.0,0.0,1.0,1.0,1.0,0.0,0.0,0.0,0.0,0.0,1.0,0.0,0.00021804694551974535,2.168364396,5.380134022000001,3.211769626000001,3.4992918968200684,-0.2875223159790039
130,0.2085074633359909,0.19681812822818756,0.38382798433303833,1.2030110359191895,-0.6917064189910889,0.3015223741531372,1.0,0.0,0.0,0.0,1.0,0.0,1.0,1.0,0.0,1.0,0.0,1.0,0.0,0.0,0.0,0.0,0.0,0.0,1.0,0.3318549692630768,2.447230428,6.4642029370000005,4.016972509,3.761388063430786,0.2555844783782959
131,0.1652752012014389,0.19681812822818756,-1.4779869318008423,-0.8796060085296631,-0.3166031837463379,1.1296002864837646,1.0,0.0,0.0,0.0,0.0,0.0,0.0,2.0,0.0,1.0,1.0,1.0,0.0,0.0,0.0,0.0,1.0,0.0,0.0,0.0027458767872303724,3.8781258010000004,6.338743478,2.4606176769999992,4.169137001037598,-1.7085192203521729
132,0.7056786417961121,0.9963462352752686,-1.1056239604949951,-0.8796060085296631,1.5589128732681274,-1.3546335697174072,1.0,0.0,0.0,1.0,0.0,0.0,0.0,2.0,0.0,1.0,0.0,1.0,0.0,1.0,0.0,0.0,0.0,0.0,0.0,0.0001270229258807376,0.43495591200000006,6.243417753999999,5.808461841999999,4.505248069763184,1.3032135963439941
133,0.3382042944431305,0.5965821743011475,-0.733260989189148,0.16170252859592438,0.6211548447608948,-0.19532442092895508,0.0,0.0,1.0,0.0,1.0,0.0,0.0,1.0,0.0,1.0,0.0,1.0,1.0,0.0,0.0,0.0,0.0,0.0,0.0,7.595493661938235e-05,1.44911224,6.2518666529999996,4.802754413,4.726313591003418,0.07644081115722656
134,0.1868913322687149,0.19681812822818756,-0.3608979880809784,0.16170252859592438,-1.379395604133606,0.4671379625797272,0.0,0.0,1.0,1.0,0.0,0.0,1.0,1.0,0.0,1.0,1.0,1.0,0.0,0.0,0.0,0.0,0.0,0.0,1.0,0.9995194673538208,3.8996865339999998,5.741144126,1.8414575920000003,4.1696577072143555,-2.328200101852417
135,1.1812336444854736,0.5965821743011475,-1.1056239604949951,-0.8796060085296631,-0.8792579770088196,-1.1890180110931396,0.0,0.0,0.0,1.0,0.0,0.0,0.0,2.0,0.0,1.0,0.0,1.0,0.0,0.0,0.0,0.0,0.0,1.0,0.0,0.0009381804266013205,1.768284886,4.138410813,2.370125927,4.02882719039917,-1.6587011814117432
136,1.332546591758728,0.9963462352752686,-1.4779869318008423,-0.8796060085296631,-0.1290515810251236,0.6327535510063171,0.0,0.0,0.0,0.0,1.0,0.0,1.0,2.0,0.0,1.0,1.0,0.0,0.0,0.0,0.0,0.0,1.0,0.0,0.0,0.0004446619423106313,1.8302409080000002,6.898286845,5.068045937,3.8434479236602783,1.2245981693267822
137,0.2625478208065033,0.5965821743011475,-0.733260989189148,-0.8796060085296631,0.9962580800056458,0.3015223741531372,0.0,1.0,0.0,0.0,0.0,1.0,1.0,2.0,0.0,1.0,1.0,1.0,0.0,0.0,1.0,0.0,0.0,0.0,0.0,0.004506985191255808,2.847536332,7.4499320120000005,4.602395680000001,4.103102207183838,0.49929332733154297
138,-0.41836053133010864,0.19681812822818756,-1.4779869318008423,1.2030110359191895,-0.2540859878063202,0.6327535510063171,0.0,0.0,0.0,1.0,0.0,0.0,1.0,1.0,1.0,1.0,0.0,1.0,0.0,0.0,0.0,1.0,0.0,0.0,0.0,0.00015578584861941636,4.1972639130000005,7.50961392,3.312350006999999,3.7149853706359863,-0.4026353359222412
139,0.3598204255104065,0.19681812822818756,-0.3608979880809784,0.16170252859592438,1.1212924718856812,-1.0234023332595825,1.0,0.0,0.0,0.0,1.0,0.0,0.0,1.0,0.0,1.0,1.0,1.0,1.0,0.0,0.0,0.0,0.0,0.0,0.0,2.2882757022557598e-08,2.5664987669999997,7.093203927,4.526705160000001,4.75909423828125,-0.23238897323608398
140,-1.2830060720443726,-1.002474069595337,1.1285539865493774,0.16170252859592438,-1.004292368888855,-1.1890180110931396,0.0,0.0,1.0,1.0,0.0,0.0,1.0,1.0,0.0,1.0,0.0,0.0,0.0,0.0,0.0,0.0,0.0,1.0,0.0,0.0005536937387660146,1.707365155,6.190427711,4.483062556,4.633474349975586,-0.15041160583496094
141,-1.6720964908599854,-1.402238130569458,1.8732799291610718,2.244319438934326,0.5586376786231995,1.626447081565857,0.0,0.0,0.0,1.0,0.0,0.0,1.0,1.0,1.0,1.0,1.0,1.0,0.0,0.0,0.0,0.0,0.0,1.0,0.0,1.281912886952341e-06,8.581096083,7.829016900000001,-0.7520791829999993,-0.013163566589355469,-0.7389156222343445
142,-0.26704755425453186,-0.6027100086212158,0.38382798433303833,-0.8796060085296631,-0.7542235851287842,-0.526555597782135,1.0,0.0,0.0,0.0,1.0,0.0,0.0,2.0,0.0,1.0,1.0,1.0,0.0,0.0,0.0,0.0,0.0,1.0,0.0,2.3827900804462843e-05,2.551956358,6.750624796,4.198668438,3.635502338409424,0.5631661415100098
143,0.5975979566574097,0.5965821743011475,-0.3608979880809784,1.2030110359191895,0.12101723253726959,-0.19532442092895508,0.0,0.0,0.0,1.0,0.0,0.0,1.0,1.0,1.0,1.0,0.0,1.0,0.0,0.0,0.0,0.0,1.0,0.0,0.0,3.271775085522677e-06,2.54038888,7.722013455,5.181624575,4.554948329925537,0.626676082611084
144,1.0645065307617188,0.9963462352752686,0.011464990675449371,-0.8796060085296631,-1.6919816732406616,1.626447081565857,0.0,0.0,1.0,0.0,0.0,0.0,1.0,2.0,0.0,1.0,1.0,1.0,1.0,0.0,0.0,0.0,0.0,0.0,0.0,0.910255491733551,2.563576577,5.584877219,3.021300642,3.1756463050842285,-0.15434575080871582
145,-0.15896686911582947,0.5965821743011475,-1.4779869318008423,-0.8796060085296631,1.4963957071304321,-0.36094000935554504,1.0,0.0,1.0,0.0,0.0,1.0,1.0,2.0,0.0,1.0,1.0,1.0,0.0,0.0,0.0,0.0,0.0,0.0,0.0,0.9861698150634766,0.178507521,5.347703403,5.1691958819999995,4.796925067901611,0.3722705841064453
146,-1.6720964908599854,-1.802002191543579,2.245642900466919,1.2030110359191895,-1.0668096542358398,1.1296002864837646,0.0,0.0,1.0,0.0,1.0,0.0,0.0,1.0,0.0,1.0,1.0,1.0,0.0,0.0,0.0,0.0,0.0,0.0,1.0,0.023481274023652077,2.978126084,7.448681004,4.47055492,4.54482364654541,-0.07426881790161133
147,0.3165881633758545,0.5965821743011475,-0.733260989189148,0.16170252859592438,0.2460516393184662,-1.0234023332595825,0.0,0.0,0.0,0.0,1.0,0.0,0.0,1.0,0.0,1.0,1.0,1.0,1.0,0.0,0.0,0.0,0.0,0.0,0.0,3.510943133733235e-05,0.392984471,5.288076115,4.895091644,4.974211692810059,-0.07912015914916992
148,1.1812336444854736,0.5965821743011475,-1.8503499031066895,0.16170252859592438,0.4961204528808594,-0.029708821326494217,0.0,0.0,0.0,1.0,0.0,0.0,1.0,1.0,1.0,1.0,1.0,1.0,0.0,0.0,0.0,0.0,0.0,1.0,0.0,0.0004412017879076302,3.326411684,6.813544309,3.487132625,3.812624454498291,-0.32549190521240234
149,0.1436590552330017,-0.20294594764709473,-0.3608979880809784,1.2030110359191895,-0.3166031837463379,2.288909435272217,1.0,0.0,1.0,0.0,1.0,0.0,0.0,1.0,0.0,1.0,1.0,1.0,0.0,1.0,0.0,0.0,0.0,0.0,0.0,0.011122532188892365,7.0451858220000005,8.243871037,1.1986852149999994,2.4728193283081055,-1.2741341590881348
